"gene_id","baseMean","log2FoldChange","lfcSE","pvalue","padj","ensamble","symbol","genename","entrezid"
"ENSG00000251301",65.4954797276514,3.34098961503882,0.324679487739115,3.5464940144491e-25,8.1557946579064e-24,"RP11-81H14.2:ENSG00000251301",NA,NA,NA
"ENSG00000259834",321.690208025409,3.41309633997164,0.366585772690287,6.21695926242326e-22,9.15165438678007e-21,"RP11-284N8.3:ENSG00000259834",NA,NA,NA
"ENSG00000260682",167.880381232342,2.22301179764461,0.241667007116937,9.22728220468914e-21,1.15316816030963e-19,"7SK:ENSG00000260682",NA,NA,NA
"ENSG00000272888",532.404225059872,1.11826905929629,0.126818373691152,5.89252875304831e-19,5.82270948658757e-18,"AC013394.2:ENSG00000272888",NA,NA,NA
"ENSG00000260101",45.2105763731667,1.8312769163437,0.216410746194297,3.51078795981591e-18,3.18977186700866e-17,"RP11-568N6.1:ENSG00000260101",NA,NA,NA
"ENSG00000268913",35.4882923516275,1.65616290575395,0.202413277548618,1.00590046074976e-16,7.69156781136272e-16,"AC026806.2:ENSG00000268913",NA,NA,NA
"ENSG00000267397",31.6702627074701,1.64394885690568,0.19811786969078,1.26024803601727e-16,9.52429342593726e-16,"RP11-873E20.1:ENSG00000267397",NA,NA,NA
"ENSG00000266088",37.4925508014098,4.27134873790519,0.536603866487637,2.30556310797044e-16,1.69171975669738e-15,"RP5-1028K7.2:ENSG00000266088","LOC105371773","uncharacterized LOC105371773","105371773"
"ENSG00000268027",50.1221492826337,3.18482171010538,0.423081978778997,1.69933941392127e-15,1.13041408003025e-14,"AC006129.2:ENSG00000268027",NA,NA,NA
"ENSG00000272666",6.46326473035428,6.59667509322331,1.29177781217883,2.11387287037595e-15,1.39319302677637e-14,"CTA-384D8.35:ENSG00000272666","KLHDC7B-DT","KLHDC7B divergent transcript","105373098"
"ENSG00000261618",79.5672843334625,2.28275331896121,0.305465505101661,1.63549762632233e-14,9.71014421744225e-14,"RP11-79H23.3:ENSG00000261618",NA,NA,NA
"ENSG00000271862",67.3341945475346,1.28865464353178,0.168998966152746,1.81398460754879e-14,1.07282373326692e-13,"RP11-343L5.2:ENSG00000271862",NA,NA,NA
"ENSG00000249096",28.5875353461861,3.99778211344062,0.564176740251545,7.85577948066445e-14,4.33615559127173e-13,"RP11-290F5.1:ENSG00000249096",NA,NA,NA
"ENSG00000270107",25.6653751991835,2.4257438013948,0.352583757283806,3.7907820589359e-13,1.93677787530806e-12,"CTD-2306M10.1:ENSG00000270107",NA,NA,NA
"ENSG00000266378",18.8560278494699,2.70650431969012,0.383637815482937,4.6576561899661e-13,2.35054262113359e-12,"RP11-214O1.3:ENSG00000266378",NA,NA,NA
"ENSG00000270164",50.8698915312768,2.15024137350286,0.306796677521715,4.8057563063625e-13,2.42072326473014e-12,"AC006129.4:ENSG00000270164","LINC01480","long intergenic non-protein coding RNA 1480","101927931"
"ENSG00000228817",59.6740707487912,1.16397955090771,0.163520775412742,1.14409266959362e-12,5.51041307582026e-12,"BACH1-IT2:ENSG00000228817",NA,NA,NA
"ENSG00000228742",26.7100487576348,2.26202965594671,0.328112121730697,1.84353026800236e-12,8.6897700096975e-12,"RP5-884M6.1:ENSG00000228742","LINC02577","long intergenic non-protein coding RNA 2577","111216280"
"ENSG00000269974",13.7200710326223,1.87964884814531,0.273425133328496,3.52457771314463e-12,1.60216912249902e-11,"RP11-932O9.10:ENSG00000269974",NA,NA,NA
"ENSG00000222032",9.04673313035783,3.90554354386774,0.63585705061594,7.14584134689884e-12,3.1423228885532e-11,"AC112721.2:ENSG00000222032",NA,NA,NA
"ENSG00000246898",31.81853021325,1.65134074635424,0.252311682947123,2.18281614966849e-11,9.11264093023858e-11,"LINC00920:ENSG00000246898",NA,NA,NA
"ENSG00000268734",8.84830799564808,3.70750506792504,0.736243370469457,4.65038284832939e-11,1.8721197518453e-10,"CTB-61M7.2:ENSG00000268734",NA,NA,NA
"ENSG00000267475",11.6580353721769,1.43937856852422,0.223206326683925,6.74289842992828e-11,2.6723473011955e-10,"CTD-2538C1.2:ENSG00000267475",NA,NA,NA
"ENSG00000273281",12.9604383575338,1.27677677189426,0.200185662470142,1.12251308979366e-10,4.34824201220811e-10,"RP11-339B21.14:ENSG00000273281",NA,NA,NA
"ENSG00000231231",99.9731026778102,2.44045396196489,0.406348231120141,1.96077794670784e-10,7.40013272262532e-10,"AP001422.3:ENSG00000231231",NA,NA,NA
"ENSG00000226012",10.3956019405856,2.83750083133174,0.462168468411177,1.97557944665287e-10,7.45468209156883e-10,"AP001434.2:ENSG00000226012",NA,NA,NA
"ENSG00000271856",31.2116055247852,2.76726468875963,0.465102496436958,2.3191447634829e-10,8.69446033159506e-10,"RP11-861A13.4:ENSG00000271856","LINC01215","long intergenic non-protein coding RNA 1215","101929623"
"ENSG00000261889",13.5155127653486,2.04383928045751,0.335775292770732,4.24639342612937e-10,1.54783929085427e-09,"RP11-473M20.16:ENSG00000261889",NA,NA,NA
"ENSG00000238121",27.4514101448348,2.18531819685494,0.380174316959883,1.3684583132001e-09,4.71697764985811e-09,"LINC00426:ENSG00000238121","LINC00426","long intergenic non-protein coding RNA 426","100188949"
"ENSG00000205056",80.4091272895904,2.65739452683152,0.488580788445848,3.08153113187932e-09,1.02540687392594e-08,"RP11-693J15.5:ENSG00000205056",NA,NA,NA
"ENSG00000272341",52.6409485745631,1.15534539254124,0.19726684744442,3.39736848188924e-09,1.12300738236169e-08,"RP1-151F17.2:ENSG00000272341",NA,NA,NA
"ENSG00000240754",9.93861710152349,3.26613895286469,0.61797143529406,3.4861518001876e-09,1.1504032568656e-08,"RP11-38J22.6:ENSG00000240754",NA,NA,NA
"ENSG00000261712",7.39777300551762,1.67250680745469,0.299363372272927,8.16016523789502e-09,2.5830279359593e-08,"RP11-358L4.1:ENSG00000261712",NA,NA,NA
"ENSG00000234506",3.69831942977689,3.69097032547149,0.719627150730093,9.05839529652369e-09,2.85177124545229e-08,"RP11-274B18.2:ENSG00000234506","LINC01506","long intergenic non-protein coding RNA 1506","101927015"
"ENSG00000224429",7.95659746627099,1.89027292316228,0.34155191018986,9.85197817745559e-09,3.09025974355928e-08,"LINC00422:ENSG00000224429","LINC00539","long intergenic non-protein coding RNA 539","100652865"
"ENSG00000247774",163.32620204211,1.36007335777234,0.250554354266156,1.39525025317156e-08,4.30093465787804e-08,"PCED1B-AS1:ENSG00000247774","PCED1B-AS1","PCED1B antisense RNA 1","100233209"
"ENSG00000261135",15.5379181662578,1.39639667447094,0.251555168453779,1.43522289154122e-08,4.41906798368093e-08,"RP4-798A10.7:ENSG00000261135",NA,NA,NA
"ENSG00000272282",7.19268129368947,2.18187709395423,0.40321401372033,1.60476887729529e-08,4.92271523501787e-08,"RP11-222K16.2:ENSG00000272282",NA,NA,NA
"ENSG00000261435",4.80078240525769,3.79937110581438,0.724790350811337,1.74412786581585e-08,5.33037110338386e-08,"MIR1587:ENSG00000261435",NA,NA,NA
"ENSG00000256039",7.59492872447194,3.12304679710165,0.593348630268814,1.81531327939569e-08,5.54002698523251e-08,"RP11-291B21.2:ENSG00000256039","LINC02446","long intergenic non-protein coding RNA 2446","101060038"
"ENSG00000235532",25.4398029996906,2.84482303926619,0.554828324155514,2.66572362624052e-08,7.99530569286496e-08,"LINC00402:ENSG00000235532","LINC00402","long intergenic non-protein coding RNA 402","100507612"
"ENSG00000270019",48.7746137800852,1.04786230507042,0.192406104021432,3.54939930797637e-08,1.05104000231911e-07,"RP11-141B14.1:ENSG00000270019",NA,NA,NA
"ENSG00000224137",9.07275029590396,3.12633767084243,0.632201882583538,3.57992463211051e-08,1.05949357415113e-07,"AC079767.4:ENSG00000224137","LINC01857","long intergenic non-protein coding RNA 1857","102724714"
"ENSG00000250548",27.0142142608965,2.28023695872981,0.44769645289556,4.14909060849145e-08,1.22136326070316e-07,"RP11-47I22.2:ENSG00000250548","LINC01303","long intergenic non-protein coding RNA 1303","101927780"
"ENSG00000224034",6.77227402861683,1.8657769917486,0.352309427715457,5.49863874892072e-08,1.59864791516031e-07,"RP11-445P17.8:ENSG00000224034","LINC02561","long intergenic non-protein coding RNA 2561","110806285"
"ENSG00000258760",3.35349450298329,5.52890356557654,1.19131972738135,6.25480221981807e-08,1.80697096613237e-07,"CTD-2509G16.5:ENSG00000258760",NA,NA,NA
"ENSG00000226751",27.899834446378,1.39462173865528,0.270523325101742,6.59280132066748e-08,1.89898549530797e-07,"AF127936.5:ENSG00000226751",NA,NA,NA
"ENSG00000253214",5.89711825393631,2.45284386056838,0.508280335836602,1.012930496736e-07,2.85847785866263e-07,"RP11-1149M10.2:ENSG00000253214","LOC105375924","uncharacterized LOC105375924","105375924"
"ENSG00000255760",20.0883124008531,1.7977638292237,0.353148455515693,1.01282832098087e-07,2.85847785866263e-07,"RP11-428G5.5:ENSG00000255760","LINC02422","long intergenic non-protein coding RNA 2422","105369723"
"ENSG00000249021",10.804061003121,1.35088523853329,0.259452371527019,1.10506759866658e-07,3.10174356236523e-07,"CTC-505O3.3:ENSG00000249021",NA,NA,NA
"ENSG00000271722",16.4630709918195,1.22130929842953,0.232387408966565,1.11953919421616e-07,3.13948496004643e-07,"RP11-446E9.2:ENSG00000271722",NA,NA,NA
"ENSG00000262074",311.109555923765,1.9453404734112,0.399777860132163,1.30741462994793e-07,3.64535160188291e-07,"SNORD3B-2:ENSG00000262074",NA,NA,NA
"ENSG00000259372",5.82643968296617,2.82209526626109,0.588921042402761,1.56980249763973e-07,4.33632902847176e-07,"CTD-2240J17.1:ENSG00000259372",NA,NA,NA
"ENSG00000260396",15.9956291751065,2.13894410157025,0.453341013180614,1.78370661347562e-07,4.90004919849051e-07,"AC012065.7:ENSG00000260396",NA,NA,NA
"ENSG00000270022",223.124101866374,1.6692001671006,0.349791845665747,1.96323251649181e-07,5.36503411015798e-07,"RNU12:ENSG00000270022",NA,NA,NA
"ENSG00000262973",5.16058385348328,1.62187149317281,0.325236567141013,2.80698790946885e-07,7.54573834988659e-07,"RP11-708H21.4:ENSG00000262973",NA,NA,NA
"ENSG00000259225",23.0385685045846,1.57779167223348,0.324829096811655,3.05772785358605e-07,8.1787446756408e-07,"RP11-1008C21.1:ENSG00000259225","LINC02345","long intergenic non-protein coding RNA 2345","101928227"
"ENSG00000227292",41.2578613433545,2.20541003052652,0.479194844222446,3.07050791481313e-07,8.20985480765841e-07,"AC009229.5:ENSG00000227292",NA,NA,NA
"ENSG00000258929",36.0590475763667,1.26361771761856,0.258472356938954,3.35946358747821e-07,8.94229794714611e-07,"RP11-58E21.3:ENSG00000258929",NA,NA,NA
"ENSG00000234184",5.6167334596097,4.65974979777921,1.03211092978364,4.33019765427191e-07,1.13890202876439e-06,"RP5-887A10.1:ENSG00000234184","LINC01781","long intergenic non-protein coding RNA 1781","101927412"
"ENSG00000228079",4.60720127779402,1.89822947364253,0.392845679411023,4.63258353050834e-07,1.21455856647566e-06,"AC012368.1:ENSG00000228079",NA,NA,NA
"ENSG00000270127",13.5629094969856,2.12072178711205,0.450256959296439,5.43974343573993e-07,1.41350513212703e-06,"RP11-526I2.5:ENSG00000270127",NA,NA,NA
"ENSG00000254140",4.90027398677244,6.46729898317558,1.5413154455439,5.71175033789607e-07,1.48136429080502e-06,"RP11-731F5.1:ENSG00000254140",NA,NA,NA
"ENSG00000270750",13.4235932028489,1.34284908756798,0.276298544797343,6.42777601145012e-07,1.65624577126004e-06,"RP11-461L13.3:ENSG00000270750",NA,NA,NA
"ENSG00000251442",23.4776675604645,1.42364574599477,0.296133084970164,6.70340838435788e-07,1.72353829057033e-06,"LINC01094:ENSG00000251442","LOC101928893","uncharacterized LOC101928893","101928893"
"ENSG00000227531",25.5445629404528,1.77487698561425,0.381318190063452,7.48789932877234e-07,1.91467604764469e-06,"RP11-202G18.1:ENSG00000227531","LOC105376219","uncharacterized LOC105376219","105376219"
"ENSG00000272198",39.2755826740837,1.06349776824372,0.223206498529495,1.03799837656223e-06,2.61919227747331e-06,"RP11-309G3.3:ENSG00000272198",NA,NA,NA
"ENSG00000260655",15.8933922305864,2.42395388087348,0.56878961943318,1.06629164346129e-06,2.68615759218452e-06,"CTA-250D10.23:ENSG00000260655",NA,NA,NA
"ENSG00000258976",3.44052679749826,2.15593236610612,0.474536101911667,1.22039162488417e-06,3.05069438956642e-06,"CTD-2207P18.2:ENSG00000258976",NA,NA,NA
"ENSG00000231873",24.0251894296887,1.83804192266795,0.428438265208638,1.23541448036572e-06,3.08644813587579e-06,"RP11-761N21.1:ENSG00000231873","LOC105377043","uncharacterized LOC105377043","105377043"
"ENSG00000259772",18.6397223817034,3.05720975291437,0.750328059101561,1.32760913127667e-06,3.30752603866707e-06,"RP11-16E12.2:ENSG00000259772","LINC03034","long intergenic non-protein coding RNA 3034","283710"
"ENSG00000228741",12.0036533216584,1.80666854239598,0.40635580362268,1.86867245922166e-06,4.58217927787579e-06,"RP11-309I15.1:ENSG00000228741","SPATA13","spermatogenesis associated 13","221178"
"ENSG00000262714",5.88340849401074,2.73383173827277,0.652638630415016,2.04547561925406e-06,4.99495031872761e-06,"RP11-44F14.8:ENSG00000262714",NA,NA,NA
"ENSG00000257261",32.2098995408323,1.40598488498745,0.311896343143185,2.12549294876645e-06,5.18186281670316e-06,"RP11-96H19.1:ENSG00000257261","SLC38A4-AS1","SLC38A4 antisense RNA 1","100288798"
"ENSG00000270069",203.103974016382,1.0645910318557,0.232797339296874,2.13257272956247e-06,5.19757008331959e-06,"RP6-99M1.2:ENSG00000270069",NA,NA,NA
"ENSG00000261218",5.73593664626671,2.35068881865697,0.545389105687529,2.38250268172382e-06,5.77061588624552e-06,"RP11-960L18.1:ENSG00000261218",NA,NA,NA
"ENSG00000235621",8.33304625641086,2.47219351726263,0.58713881597591,2.89131678767901e-06,6.94181614319752e-06,"LINC00494:ENSG00000235621","LINC00494","long intergenic non-protein coding RNA 494","284749"
"ENSG00000228857",6.47945400112647,1.34889346601916,0.299124905092803,3.04566853299741e-06,7.29035220769862e-06,"AC104653.1:ENSG00000228857","ACTR3-AS1","ACTR3 antisense RNA 1","101060091"
"ENSG00000230709",2.92846645628008,5.86320341278142,1.48621051315977,3.08550409408991e-06,7.38158379826198e-06,"AC104024.1:ENSG00000230709","LOC284191","uncharacterized LOC284191","284191"
"ENSG00000223685",8.46059221827783,1.34683074677369,0.300078766785317,3.59614397987539e-06,8.52518017040915e-06,"LINC00571:ENSG00000223685","LINC00571","long intergenic non-protein coding RNA 571","100874188"
"ENSG00000232855",65.206853023825,1.12865207685813,0.255128350585787,3.93625990183818e-06,9.28423665413203e-06,"AF131217.1:ENSG00000232855",NA,NA,NA
"ENSG00000228590",4.93251915706394,3.27460015268081,0.813274637862483,5.23907359313137e-06,1.22066598892907e-05,"AC007381.3:ENSG00000228590","MIR4432HG","MIR4432 host gene","106660609"
"ENSG00000260564",5.24138145681616,3.05204062939087,0.745662398978422,5.47614003587401e-06,1.27161548633681e-05,"RP11-403N16.3:ENSG00000260564",NA,NA,NA
"ENSG00000254802",4.48560426152668,2.01950476702318,0.524499158214881,8.00914083433976e-06,1.82248556643385e-05,"AC022182.3:ENSG00000254802",NA,NA,NA
"ENSG00000261786",30.4780791765254,2.78532751391081,0.73779485705308,9.57678403230907e-06,2.16290002280801e-05,"RP4-555D20.2:ENSG00000261786",NA,NA,NA
"ENSG00000249664",7.29849831489495,1.64417950504342,0.398523221808489,1.22350936476948e-05,2.7301901317131e-05,"CTD-2227C6.2:ENSG00000249664",NA,NA,NA
"ENSG00000237797",6.14948525409548,1.40778027269299,0.36412566076653,1.43085223299048e-05,3.16583626609733e-05,"RP11-472N13.3:ENSG00000237797",NA,NA,NA
"ENSG00000260135",9.16185409890479,1.89679388078422,0.48093065286165,1.47997067010106e-05,3.27079927534296e-05,"RP11-212I21.2:ENSG00000260135","LOC105371279","uncharacterized LOC105371279","105371279"
"ENSG00000250126",3.58121426313069,1.97046067522314,0.488001249434628,1.74048720994876e-05,3.81547124586598e-05,"RP13-884E18.2:ENSG00000250126","LOC101927414","uncharacterized LOC101927414","101927414"
"ENSG00000231507",4.47661006963443,1.65461025166584,0.418969814454679,1.92199689183554e-05,4.18852662762696e-05,"RP11-134P9.3:ENSG00000231507","LINC01353","long intergenic non-protein coding RNA 1353","100506775"
"ENSG00000261804",3.20748001960083,3.66183875486296,0.964859125873473,2.08429841340053e-05,4.5302472258811e-05,"RP11-44F14.2:ENSG00000261804",NA,NA,NA
"ENSG00000224081",11.2501182692808,1.24343835346696,0.308846222596852,2.1676464777679e-05,4.69996630834593e-05,"LINC01057:ENSG00000224081",NA,NA,NA
"ENSG00000259443",3.51954116790466,7.29467910225781,2.43613068231209,2.23708019487176e-05,4.84218741836865e-05,"RP11-403B2.5:ENSG00000259443",NA,NA,NA
"ENSG00000227066",6.67436716260595,1.67239199900101,0.418695495701158,2.29768841462579e-05,4.96785592562036e-05,"RP3-340N1.2:ENSG00000227066","LOC117779438","uncharacterized LOC117779438","117779438"
"ENSG00000261521",1.8690690946504,2.43049887805289,0.621958070040752,2.35400392507125e-05,5.08295044590491e-05,"RP11-408H20.1:ENSG00000261521",NA,NA,NA
"ENSG00000272931",4.45217529159056,1.52184072431086,0.376232678938857,2.41776935554835e-05,5.21643352098529e-05,"RP5-943J3.2:ENSG00000272931",NA,NA,NA
"ENSG00000272563",26.2586529797231,1.36234511343831,0.379943984260604,4.04929327075856e-05,8.51869873107266e-05,"RP11-480C16.1:ENSG00000272563",NA,NA,NA
"ENSG00000273175",5.4367239012862,1.41488771196556,0.366548153287896,4.9362457165981e-05,0.000102754544712402,"RP11-11N7.4:ENSG00000273175",NA,NA,NA
"ENSG00000266999",3.55928921150303,1.87121454385491,0.541796870135199,5.16196799490551e-05,0.000107174716685857,"AC015849.16:ENSG00000266999",NA,NA,NA
"ENSG00000272456",1.98056455473947,2.60775716002194,0.721577069530797,6.67760584336026e-05,0.000136800923380559,"CTD-2342N23.3:ENSG00000272456",NA,NA,NA
"ENSG00000260360",4.79368218595363,1.14388689812239,0.297943599862719,6.91629160518249e-05,0.000141447402646829,"RP11-533E19.5:ENSG00000260360",NA,NA,NA
"ENSG00000270076",1.94703800602902,2.04754515309725,0.55261516920228,7.36613312631868e-05,0.000150088726396414,"AF131215.8:ENSG00000270076",NA,NA,NA
"ENSG00000258867",2.23149693999567,2.20480542364209,0.623179940512404,9.20248109929961e-05,0.000185303248216167,"LINC01146:ENSG00000258867","HISLA","HIF1A stabilizing long noncoding RNA","283587"
"ENSG00000233834",7.11794885326986,1.32630121267125,0.364697608760429,0.000103691579822247,0.000207141544443118,"AC005083.1:ENSG00000233834","GIRGL","glutamine insufficiency regulator of glutaminase lncRNA","100506098"
"ENSG00000226004",1.69063722662601,4.16133046162179,1.18257437140196,0.000106781033454223,0.000213074936227946,"RP11-10J5.1:ENSG00000226004",NA,NA,NA
"ENSG00000237989",31.7146144543788,1.31099001220332,0.373279688965076,0.000111549582222552,0.000222135296457862,"AP001046.5:ENSG00000237989","LINC01679","long intergenic non-protein coding RNA 1679","101928399"
"ENSG00000259747",1.70130232796524,5.02851070591039,1.47310916776448,0.000113182571208135,0.000225240673045865,"RP11-275I4.2:ENSG00000259747",NA,NA,NA
"ENSG00000246863",4.00089409745325,1.48260450824497,0.433131367727251,0.000139007466936082,0.000273736405626704,"RP11-325N19.3:ENSG00000246863","GPR176-DT","GPR176 divergent transcript","100505534"
"ENSG00000232698",2.25417695733812,2.88898439670588,1.04184605455927,0.000153357742261232,0.000300669272766647,"AP001058.3:ENSG00000232698",NA,NA,NA
"ENSG00000206195",70.3385411280964,1.04182166314842,0.294917972089355,0.000160473350560779,0.000313959408723796,"AP000525.9:ENSG00000206195","DUXAP8","double homeobox A pseudogene 8","503637"
"ENSG00000270883",4.25874172490967,1.30158169817348,0.368359527817304,0.000185621219959335,0.000360494708897102,"RP11-461L13.5:ENSG00000270883",NA,NA,NA
"ENSG00000258476",4.01435567339032,1.54961719115045,0.44287952758707,0.000199389490738664,0.000385418015422239,"RP11-76E17.3:ENSG00000258476","LINC01580","long intergenic non-protein coding RNA 1580","101927129"
"ENSG00000250274",3.39532749135865,1.92287160980159,0.581486072091617,0.00024811410616901,0.000474255742220672,"CTB-114C7.4:ENSG00000250274","LOC100128059","uncharacterized LOC100128059","100128059"
"ENSG00000234427",2.72642003243289,1.60495403043777,0.472096651767388,0.000262749620432147,0.000500623398944103,"RP3-413H6.2:ENSG00000234427",NA,NA,NA
"ENSG00000250551",5.03493056780848,1.03599039129191,0.292344256022871,0.00026795466797373,0.000510041953701683,"RP11-254I22.1:ENSG00000250551",NA,NA,NA
"ENSG00000242512",4.50357747125834,1.90711949723317,0.8987242230403,0.000321010280111933,0.000605759229938286,"RP11-416O18.1:ENSG00000242512","LINC01206","long intergenic non-protein coding RNA 1206","100996490"
"ENSG00000228512",3.58439881166874,1.27260096844483,0.372969412851734,0.000323879247957657,0.000610675823938083,"RP11-281A20.2:ENSG00000228512",NA,NA,NA
"ENSG00000231106",13.251540786223,1.74389837650747,0.565032852340916,0.000339839704021135,0.000639096637385714,"AP000688.8:ENSG00000231106","LINC01436","long intergenic non-protein coding RNA 1436","100996609"
"ENSG00000256128",6.86096669138237,1.43543123482177,0.435654297858449,0.000354470346029988,0.00066509348914127,"LINC00944:ENSG00000256128","LINC00944","long intergenic non-protein coding RNA 944","387895"
"ENSG00000272102",3.24378687561053,1.11531693491886,0.330004516937266,0.000388435362845014,0.000725456180886823,"RP3-355L5.5:ENSG00000272102",NA,NA,NA
"ENSG00000272463",20.4238628074663,1.15429442690247,0.351592378514826,0.000413253809122719,0.000769127204839113,"RP11-532F6.3:ENSG00000272463",NA,NA,NA
"ENSG00000234129",4.46695794242916,1.12277649758873,0.335374573587318,0.000447368564203938,0.000829450729808219,"RP11-120D5.1:ENSG00000234129","HCCS-DT","HCCS divergent transcript","121847985"
"ENSG00000272002",6.84955218895539,1.20215203483735,0.363930330410236,0.000510145876890231,0.000938698195345838,"RP11-557L19.1:ENSG00000272002",NA,NA,NA
"ENSG00000232606",1.93311134631881,2.00296487014666,0.621166601970593,0.000546781423750816,0.00100258073875021,"AC010090.1:ENSG00000232606",NA,NA,NA
"ENSG00000271046",1.86484573671441,4.52499323269919,1.45836142463581,0.000601848617719236,0.00109688957683473,"RP11-138I18.2:ENSG00000271046","LOC105376412","uncharacterized LOC105376412","105376412"
"ENSG00000268388",6.40371090919967,1.87149609702643,0.634927883350224,0.00064638118519273,0.00117445642101015,"FENDRR:ENSG00000268388","FENDRR","FOXF1 adjacent non-coding developmental regulatory RNA","400550"
"ENSG00000235576",6.21835572551265,1.46560196245537,0.496501193415559,0.000738068241999541,0.00133067098172747,"AC092580.4:ENSG00000235576","LINC01871","long intergenic non-protein coding RNA 1871","101929531"
"ENSG00000272632",5.46663788210821,1.11673255022622,0.348722143067867,0.000754353671605258,0.00135797599895141,"RP11-362F19.3:ENSG00000272632",NA,NA,NA
"ENSG00000272087",19.9350217744984,1.12731493515643,0.378261063642536,0.000780347489562342,0.00140088681998406,"RP11-379F4.7:ENSG00000272087",NA,NA,NA
"ENSG00000256582",2.98196985319675,1.47301608288277,0.474180145696016,0.000797975324610592,0.00143025632483516,"RP11-75L1.1:ENSG00000256582",NA,NA,NA
"ENSG00000253673",1.62184374465923,2.38249645002073,0.78004716418274,0.000906744147306348,0.00161400608829972,"CTC-436K13.1:ENSG00000253673",NA,NA,NA
"ENSG00000272327",6.47259811965593,1.4585732057149,0.494719745608262,0.000908545899531418,0.0016166761531471,"RP11-1002K11.1:ENSG00000272327",NA,NA,NA
"ENSG00000260303",3.05791493901493,1.37659384371021,0.507299142201017,0.000953659129316167,0.00169128096267477,"RP11-203B7.2:ENSG00000260303",NA,NA,NA
"ENSG00000259269",1.9593144881363,3.51832947867598,1.15634356688687,0.000987602366912988,0.0017487839995081,"RP11-624L4.2:ENSG00000259269",NA,NA,NA
"ENSG00000269913",2.20155178643671,2.04535575467662,0.680598862664999,0.00102580539179285,0.00181253808427833,"CTC-1337H24.1:ENSG00000269913",NA,NA,NA
"ENSG00000248187",3.29954149680247,1.82152834816792,0.719039594237216,0.0011260539335774,0.00197890406349331,"RP11-184M15.1:ENSG00000248187","LINC03140","long intergenic non-protein coding RNA 3140","124900778"
"ENSG00000232884",8.29758003415887,1.14496434536483,0.377489190253795,0.00115403911149543,0.0020249300267443,"AF127936.3:ENSG00000232884","LOC105372738","uncharacterized LOC105372738","105372738"
"ENSG00000249306",22.1834284076176,1.49559855289148,0.539189243345822,0.00123307234170404,0.0021544338061256,"RP11-267A15.1:ENSG00000249306","LINC01411","long intergenic non-protein coding RNA 1411","101928176"
"ENSG00000272369",3.88238904761882,1.24678373936152,0.42906098586498,0.00157639727309328,0.00271599057509712,"RP11-446N19.1:ENSG00000272369",NA,NA,NA
"ENSG00000234883",7.92752862472533,2.95130029578292,1.33154996000668,0.00159889357017959,0.00275165295404361,"MIR155HG:ENSG00000234883","MIR155HG","MIR155 host gene","114614"
"ENSG00000255299",2.64630593891255,1.38897906589692,0.473468973207932,0.00160059133102913,0.00275391137496568,"RP11-655C2.3:ENSG00000255299",NA,NA,NA
"ENSG00000262202",197.44101943437,1.01906957083177,0.358629508629025,0.00167569410847952,0.00287677709179408,"SNORD3D:ENSG00000262202",NA,NA,NA
"ENSG00000253154",1.3148071101057,5.55046067963309,2.28815591600082,0.00185778177014757,0.00316768788222537,"CTA-392E5.1:ENSG00000253154",NA,NA,NA
"ENSG00000238033",7.19647291896967,1.17828217054699,0.421802487525197,0.0019280290001247,0.00327859771181154,"AC002480.2:ENSG00000238033",NA,NA,NA
"ENSG00000253686",23.495749131151,1.48582015310728,0.58041507451401,0.00197348428359894,0.00335217060155145,"CTB-43E15.3:ENSG00000253686","LINC01484","long intergenic non-protein coding RNA 1484","101928136"
"ENSG00000257924",1.73889615015165,3.5226872628455,1.27908439419083,0.00210921927634026,0.00356858989183776,"RP11-493L12.5:ENSG00000257924",NA,NA,NA
"ENSG00000223511",4.24664464138384,1.35828035634206,0.522577930547857,0.00249493105164757,0.00417960428559969,"RP13-297E16.4:ENSG00000223511",NA,NA,NA
"ENSG00000232053",3.29872493922499,1.1078254698541,0.418457012077424,0.00251898015166759,0.00421593796585128,"AC009784.3:ENSG00000232053","LOC105375523","uncharacterized LOC105375523","105375523"
"ENSG00000227482",4.57525006878969,1.35295205922746,0.524458810182664,0.00281266647969721,0.00467643167010707,"RP11-18B16.2:ENSG00000227482",NA,NA,NA
"ENSG00000234948",6.58949750510314,1.38991182092159,0.538638872308769,0.00287955626125947,0.00477948806222986,"RP4-723E3.1:ENSG00000234948","LINC01524","long intergenic non-protein coding RNA 1524","101927700"
"ENSG00000225056",1.81648667723256,1.48043347230894,0.535456778833877,0.00305870384661305,0.00505881623153465,"RP11-218C14.5:ENSG00000225056","LOC124904965","uncharacterized LOC124904965","124904965"
"ENSG00000231304",2.75598775079132,1.21526771803108,0.442131208755911,0.00312783129737044,0.00516796239566302,"AC107622.1:ENSG00000231304","SGO1-AS1","SGO1 antisense RNA 1","100874028"
"ENSG00000214797",2.0919639991525,2.26555986047522,0.923904421933997,0.00319504065616915,0.00527209996024893,"RP11-1036E20.9:ENSG00000214797",NA,NA,NA
"ENSG00000223749",1.74427436448654,1.58561078708166,0.666959108181957,0.00355862612893698,0.00584236184002346,"MIR503HG:ENSG00000223749",NA,NA,NA
"ENSG00000260876",4.48167823126575,1.0178195807943,0.379924547613274,0.00399526051598255,0.00650143638592771,"RP11-345M22.1:ENSG00000260876","LINC01229","long intergenic non-protein coding RNA 1229","101928248"
"ENSG00000258667",8.44104989613357,1.01370781040873,0.381496693143483,0.00411165979423186,0.00667969410822189,"HIF1A-AS2:ENSG00000258667","HIF1A-AS3","HIF1A antisense RNA 3","105370526"
"ENSG00000270361",3.28728301413603,1.04985016879457,0.450399753620427,0.00412036941852282,0.00669232174501361,"RP11-307C12.13:ENSG00000270361",NA,NA,NA
"ENSG00000268544",1.66623958108034,1.7875547128375,0.840100136330458,0.00432826505041895,0.00701021490745419,"RP11-277L2.4:ENSG00000268544",NA,NA,NA
"ENSG00000261617",3.91818667629403,1.12457719865828,0.43932080228312,0.00509842849736587,0.00818291283391064,"RP11-243A14.1:ENSG00000261617","LINC02177","long intergenic non-protein coding RNA 2177","101927009"
"ENSG00000232679",3.12493180696866,1.65577199834088,0.705913659068386,0.00606149116064012,0.0096134334797987,"RP11-400N13.3:ENSG00000232679","LINC02257","long intergenic non-protein coding RNA 2257","105372950"
"ENSG00000255693",1.92971237333463,1.85809858375897,0.74382120499833,0.00667186865732114,0.010505301273315,"RP11-766N7.3:ENSG00000255693","LINC02389","long intergenic non-protein coding RNA 2389","400046"
"ENSG00000267311",4.55320493377736,1.02080400707043,0.408321108042756,0.0070280724011698,0.011035360862584,"RP11-99A1.2:ENSG00000267311",NA,NA,NA
"ENSG00000203635",2.02086414798459,1.59838029758084,0.705603299931127,0.00715682999600546,0.011225198485502,"AC144450.2:ENSG00000203635",NA,NA,NA
"ENSG00000260484",4.13850016342297,1.07191565274527,0.468423537478283,0.00850869986514879,0.0131977829070585,"RP11-1081M5.2:ENSG00000260484",NA,NA,NA
"ENSG00000259641",1.72629684567463,1.66533442710022,0.769738338086754,0.00988175963075985,0.0151901136173044,"RP11-279F6.3:ENSG00000259641",NA,NA,NA
"ENSG00000258879",2.76840322487166,1.31205121482417,0.599794854006867,0.0106638420196819,0.016313927623686,"RP11-713N11.5:ENSG00000258879",NA,NA,NA
"ENSG00000253369",2.48423833889941,1.02400964558897,0.44300252596738,0.0120494128608555,0.0182887235922891,"RP11-1081M5.1:ENSG00000253369",NA,NA,NA
"ENSG00000266709",5.87914040090034,1.2965152876875,0.747226588221779,0.0179415641406973,0.0265365774775768,"RP11-214O1.2:ENSG00000266709","MGC12916","uncharacterized protein MGC12916","84815"
"ENSG00000249100",1.9684852143526,1.14895139484579,0.528078312570914,0.0210702651720064,0.0307817458545167,"CTD-2218K11.2:ENSG00000249100",NA,NA,NA
"ENSG00000267712",1.57654409741844,2.13409709917869,1.01089248222057,0.022893520562417,0.0332324298147162,"RP11-456O19.4:ENSG00000267712","LINC03069","long intergenic non-protein coding RNA 3069","642484"
"ENSG00000251093",2.17633615439323,1.31364859376958,0.629267855813777,0.026259715848003,0.0377531855225549,"RP11-414H23.3:ENSG00000251093",NA,NA,NA
"ENSG00000273415",3.53799081702329,1.01589983759469,0.52585042792118,0.0294986589677131,0.0420291668985571,"RP11-702B10.2:ENSG00000273415","LINC02725","long intergenic non-protein coding RNA 2725","105369563"
"ENSG00000225948",2.26185628279067,1.12610035723128,0.611093763219901,0.0323616430326406,0.0457796247850694,"RP11-554I8.1:ENSG00000225948","LINC02648","long intergenic non-protein coding RNA 2648","101928150"
